{
    "cameraMatrix_left": [
        [
            7410.173725260624,
            0.0,
            1986.204011446757
        ],
        [
            0.0,
            7418.783897649276,
            1342.8063635764076
        ],
        [
            0.0,
            0.0,
            1.0
        ]
    ],
    "distCoeffs_left": [
        [
            -0.03566137943423725,
            0.4481378027961437,
            -0.0011503029567434659,
            -0.0017872443453078946,
            0.0
        ]
    ],
    "cameraMatrix_right": [
        [
            7410.173725260624,
            0.0,
            1986.1952794141873
        ],
        [
            0.0,
            7418.783897649276,
            1343.9591934883078
        ],
        [
            0.0,
            0.0,
            1.0
        ]
    ],
    "distCoeffs_right": [
        [
            -0.02534884421304715,
            0.4186855094337795,
            -0.0014826933333111853,
            0.0010340381889648441,
            0.0
        ]
    ],
    "R": [
        [
            0.9999914538780011,
            0.0015946685397597979,
            0.003814341779371968
        ],
        [
            -0.001551738489833039,
            0.9999357206115175,
            -0.01123150714661955
        ],
        [
            -0.0038320071269157155,
            0.011225492299836817,
            0.9999296495474097
        ]
    ],
    "T": [
        [
            -38.32982137373106
        ],
        [
            0.9298193704348339
        ],
        [
            0.16076783110734172
        ]
    ],
    "E": [
        [
            -0.003313604822794328,
            -0.15031981686641513,
            0.9315596222653252
        ],
        [
            0.013886308488299859,
            0.4305274860874109,
            38.32773807690468
        ],
        [
            -0.8703335649510137,
            -38.3288403099502,
            0.4269550138157922
        ]
    ],
    "F": [
        [
            -1.4645188593152458e-10,
            -6.635996711297118e-09,
            0.0003142954848500998
        ],
        [
            6.130229492117177e-10,
            1.8983945415485538e-08,
            0.012511384140428752
        ],
        [
            -0.0002855746813273807,
            -0.012550787326192995,
            1.0
        ]
    ]
}