{
    "cameraMatrix_left": [
        [
            8560.780172254334,
            0.0,
            2088.583671468607
        ],
        [
            0.0,
            8561.882018729213,
            1433.8258500912548
        ],
        [
            0.0,
            0.0,
            1.0
        ]
    ],
    "distCoeffs_left": [
        [
            -0.008705260777600638,
            -0.09972081715498163,
            -0.002639895113721381,
            -0.0037017938000957888,
            0.0
        ]
    ],
    "cameraMatrix_right": [
        [
            8560.780172254334,
            0.0,
            2086.878793156292
        ],
        [
            0.0,
            8561.882018729213,
            1466.7923016085035
        ],
        [
            0.0,
            0.0,
            1.0
        ]
    ],
    "distCoeffs_right": [
        [
            -0.063258299178211,
            0.47129114906844494,
            0.0020030478583268397,
            -0.0002850863464759245,
            0.0
        ]
    ],
    "R": [
        [
            0.9999671776030029,
            -0.0076651546442252525,
            -0.0026247135014150057
        ],
        [
            0.007670391874891378,
            0.9999685997427732,
            0.0019911345918603254
        ],
        [
            0.002609368730171824,
            -0.0020112018191654675,
            0.9999945731163108
        ]
    ],
    "T": [
        [
            -38.527785883966565
        ],
        [
            -0.7597436488628823
        ],
        [
            0.4599406467636027
        ]
    ],
    "E": [
        [
            -0.0055103763201572705,
            -0.4583982067002928,
            -0.7606553295544399
        ],
        [
            0.5604587501374773,
            -0.08101266924285917,
            38.52636958572836
        ],
        [
            0.4641954964532914,
            -38.53239965413793,
            -0.07870811663413847
        ]
    ],
    "F": [
        [
            4.953055371406241e-10,
            4.11982662579947e-08,
            0.0005252141281288559
        ],
        [
            -5.037089691296117e-08,
            7.280028474425066e-09,
            -0.029547231652352048
        ],
        [
            -0.00028434567388424466,
            0.02954998261890589,
            0.9999999999999999
        ]
    ]
}