{
    "cameraMatrix_left": [
        [
            7419.251339934185,
            0.0,
            1981.1341121995927
        ],
        [
            0.0,
            7427.8733273177095,
            1340.7061676144713
        ],
        [
            0.0,
            0.0,
            1.0
        ]
    ],
    "distCoeffs_left": [
        [
            -0.05349464932220796,
            0.7764763862410755,
            -0.0011428687752967298,
            -0.001633348517959297,
            -2.2793126903735246
        ]
    ],
    "cameraMatrix_right": [
        [
            7419.251339934185,
            0.0,
            1981.1709447314634
        ],
        [
            0.0,
            7427.8733273177095,
            1342.1439515601085
        ],
        [
            0.0,
            0.0,
            1.0
        ]
    ],
    "distCoeffs_right": [
        [
            -0.026912793948313408,
            0.4113745236505111,
            -0.001559784637866069,
            0.0009416797428703928,
            0.18656575840708844
        ]
    ],
    "R": [
        [
            0.999993837267046,
            0.0016249005478654386,
            0.003112093529791044
        ],
        [
            -0.0015895450278635929,
            0.9999345538939873,
            -0.011329663518255945
        ],
        [
            -0.0031302994318459076,
            0.011324646883768701,
            0.9999309744169469
        ]
    ],
    "T": [
        [
            -38.22803958309553
        ],
        [
            0.9413186557257867
        ],
        [
            0.16550459418361815
        ]
    ],
    "E": [
        [
            -0.0026835322484312315,
            -0.15483366117120326,
            0.9431287920195623
        ],
        [
            0.04583836363545475,
            0.4331879778430526,
            38.22591593615104
        ],
        [
            -0.8805476643860046,
            -38.227067255963725,
            0.43018135374108585
        ]
    ],
    "F": [
        [
            -1.1748444961243563e-10,
            -6.770715199171015e-09,
            0.00031565096012455576
        ],
        [
            2.004464035947136e-09,
            1.8920872242009936e-08,
            0.012372530774819127
        ],
        [
            -0.00028847101508079615,
            -0.012414223336793219,
            1.0
        ]
    ]
}