{
    "cameraMatrix_left": [
        [
            17704.749446820413,
            0.0,
            1783.198273156559
        ],
        [
            0.0,
            17699.528402870492,
            1365.0558177167143
        ],
        [
            0.0,
            0.0,
            1.0
        ]
    ],
    "distCoeffs_left": [
        [
            -0.09343044945057688,
            -1.698920747742866,
            0.0001800575838175567,
            -0.00025409778255374045,
            0.0
        ]
    ],
    "cameraMatrix_right": [
        [
            17704.749446820413,
            0.0,
            1783.0532027236106
        ],
        [
            0.0,
            17699.528402870492,
            1366.348682923884
        ],
        [
            0.0,
            0.0,
            1.0
        ]
    ],
    "distCoeffs_right": [
        [
            -0.12483250647365411,
            2.2789348045769007,
            0.002402670902768873,
            -9.676289359274371e-05,
            0.0
        ]
    ],
    "R": [
        [
            0.9999958308084776,
            -0.0028354029411612673,
            -0.0005466770744530238
        ],
        [
            0.002834468751028655,
            0.999994534272101,
            -0.0017021200965138994
        ],
        [
            0.0005515002827927982,
            0.0017005634609647672,
            0.9999984019643998
        ]
    ],
    "T": [
        [
            -29.55679308041757
        ],
        [
            0.5720064100838527
        ],
        [
            -0.34858624715445563
        ]
    ],
    "E": [
        [
            0.0013035185215181941,
            0.3495570750773056,
            0.5714121603405958
        ],
        [
            -0.3322842140893306,
            0.0512515848062845,
            29.55693641171979
        ],
        [
            -0.6557818316466406,
            -29.55500966237151,
            0.050621914281514725
        ]
    ],
    "F": [
        [
            7.261681755825142e-11,
            1.947897914107243e-08,
            0.0005368654128827594
        ],
        [
            -1.85164533537829e-08,
            2.8568239970945927e-09,
            0.029189775354294557
        ],
        [
            -0.0006216282968311822,
            -0.02919739112794733,
            1.0
        ]
    ]
}