{
    "cameraMatrix_left": [
        [
            7358.902464499346,
            0.0,
            1901.1815376572242
        ],
        [
            0.0,
            7348.8443629030935,
            1344.0301842931801
        ],
        [
            0.0,
            0.0,
            1.0
        ]
    ],
    "distCoeffs_left": [
        [
            -0.020961430926792365,
            0.5410844899024395,
            0.0016640985969294524,
            -0.009799180394622152,
            0.0
        ]
    ],
    "cameraMatrix_right": [
        [
            7358.902464499346,
            0.0,
            1901.1517316162292
        ],
        [
            0.0,
            7348.8443629030935,
            1343.5700686464957
        ],
        [
            0.0,
            0.0,
            1.0
        ]
    ],
    "distCoeffs_right": [
        [
            0.059181135192347474,
            0.0027499454362594974,
            0.0016739523361407073,
            0.005802513165999258,
            0.0
        ]
    ],
    "R": [
        [
            0.9999950095353278,
            0.003135115207691242,
            -0.00038981671868427
        ],
        [
            -0.003137051421221924,
            0.9999822280895001,
            -0.0050697547810144294
        ],
        [
            0.0003739155255832242,
            0.005070952355673661,
            0.999987072731136
        ]
    ],
    "T": [
        [
            -37.16239993889442
        ],
        [
            0.2153041112378483
        ],
        [
            -0.1837850922700024
        ]
    ],
    "E": [
        [
            -0.0004960377349912844,
            0.18487362294785917,
            0.21436958259349975
        ],
        [
            -0.16988857679190647,
            0.18787257207490074,
            37.161991173060386
        ],
        [
            -0.09872267722596112,
            -37.16241449524216,
            0.18848818390634228
        ]
    ],
    "F": [
        [
            -5.453100414746035e-11,
            2.0351561110289214e-08,
            0.0001461728795172778
        ],
        [
            -1.870195270363518e-08,
            2.071000264374821e-08,
            0.030112455258717363
        ],
        [
            -5.4634358973382336e-05,
            -0.030171593996589956,
            1.0
        ]
    ]
}