{
    "cameraMatrix_left": [
        [
            7617.8894365111355,
            0.0,
            2020.4877423612625
        ],
        [
            0.0,
            7618.4959077870535,
            1314.4608513655678
        ],
        [
            0.0,
            0.0,
            1.0
        ]
    ],
    "distCoeffs_left": [
        [
            -0.019344922703394322,
            0.17749129782800585,
            -0.0025189212223761903,
            -0.0004117381493039699,
            0.0
        ]
    ],
    "cameraMatrix_right": [
        [
            7617.8894365111355,
            0.0,
            2020.202753822329
        ],
        [
            0.0,
            7618.4959077870535,
            1315.0914590314662
        ],
        [
            0.0,
            0.0,
            1.0
        ]
    ],
    "distCoeffs_right": [
        [
            -0.044027572927811266,
            0.24969745855706568,
            0.0017571780257815005,
            -0.0002740884307678097,
            0.0
        ]
    ],
    "R": [
        [
            0.9999716883694679,
            -0.007048604312714688,
            0.0026343190312690494
        ],
        [
            0.007031279007867726,
            0.9999539645437324,
            0.006529158351990467
        ],
        [
            -0.0026802192129087247,
            -0.0065104508687669335,
            0.999975214920078
        ]
    ],
    "T": [
        [
            -39.49318167646694
        ],
        [
            0.8952053702470998
        ],
        [
            0.4038427871420033
        ]
    ],
    "E": [
        [
            -0.0052388779445457076,
            -0.40965238663548686,
            0.8925464290038922
        ],
        [
            0.2979809693860592,
            -0.2599649469670324,
            39.49326668554252
        ],
        [
            -1.1728676047990554,
            -39.48505364139552,
            -0.2602154935333172
        ]
    ],
    "F": [
        [
            4.4311081752508617e-10,
            3.464615053670036e-08,
            -0.0006215312585152597
        ],
        [
            -2.5201594960088985e-08,
            2.1984658199316125e-08,
            -0.025422671833466703
        ],
        [
            0.0007879616817907358,
            0.02534049779552746,
            1.0
        ]
    ]
}