{
    "cameraMatrix_left": [
        [
            8216.027820689365,
            0.0,
            2083.261243233209
        ],
        [
            0.0,
            8217.096596271676,
            1422.0203718784185
        ],
        [
            0.0,
            0.0,
            1.0
        ]
    ],
    "distCoeffs_left": [
        [
            -0.007016068314829387,
            -0.0853956514101005,
            -0.0022480680322966655,
            -0.0031857757539534856,
            0.0
        ]
    ],
    "cameraMatrix_right": [
        [
            8216.027820689365,
            0.0,
            2080.7498299612053
        ],
        [
            0.0,
            8217.096596271676,
            1449.3958124410376
        ],
        [
            0.0,
            0.0,
            1.0
        ]
    ],
    "distCoeffs_right": [
        [
            -0.05978731141037523,
            0.41142539485408625,
            0.002018531135711829,
            -0.0003019060039442273,
            0.0
        ]
    ],
    "R": [
        [
            0.9999688215256343,
            -0.0077148107901042,
            -0.0016845388410585832
        ],
        [
            0.007719001294215268,
            0.999967094308831,
            0.0024954595916186284
        ],
        [
            0.0016652314115600292,
            -0.0025083847444900076,
            0.999995467494888
        ]
    ],
    "T": [
        [
            -38.68452160999092
        ],
        [
            -0.716821980276183
        ],
        [
            0.4500562603134656
        ]
    ],
    "E": [
        [
            -0.0046676593338818885,
            -0.44824338558131516,
            -0.7179418284884602
        ],
        [
            0.5144609087720199,
            -0.10050776274761551,
            38.683588134947804
        ],
        [
            0.41819375848682777,
            -38.68877881501782,
            -0.0977431749667297
        ]
    ],
    "F": [
        [
            4.611694507558207e-10,
            4.428113838996568e-08,
            0.0005188611806097986
        ],
        [
            -5.082264553221983e-08,
            9.927685309687834e-09,
            -0.0313056299375469
        ],
        [
            -0.0002667670002011898,
            0.03129507529385263,
            1.0
        ]
    ]
}