{
    "R_l": [
        [
            0.9999860226856719,
            -0.002633228086099228,
            0.004584816587084408
        ],
        [
            0.0026448277123188317,
            0.9999933126220034,
            -0.0025257865397514496
        ],
        [
            -0.0045781349546268665,
            0.0025378772860044775,
            0.9999862998357619
        ]
    ],
    "P_l": [
        [
            7241.404834924348,
            0.0,
            1860.7557220458984,
            0.0
        ],
        [
            0.0,
            7241.404834924348,
            1346.0111236572266,
            0.0
        ],
        [
            0.0,
            0.0,
            1.0,
            0.0
        ]
    ],
    "R_r": [
        [
            0.9999709895791773,
            -0.0057934327580845815,
            0.004945314643009695
        ],
        [
            0.005780893349210021,
            0.9999800489882029,
            0.0025461534982106336
        ],
        [
            -0.004959966948062543,
            -0.002517491296696647,
            0.9999845303630677
        ]
    ],
    "P_r": [
        [
            7241.404834924348,
            0.0,
            1860.7557220458984,
            -269115.7897572132
        ],
        [
            0.0,
            7241.404834924348,
            1346.0111236572266,
            0.0
        ],
        [
            0.0,
            0.0,
            1.0,
            0.0
        ]
    ],
    "Q": [
        [
            1.0,
            0.0,
            0.0,
            -1860.7557220458984
        ],
        [
            0.0,
            1.0,
            0.0,
            -1346.0111236572266
        ],
        [
            0.0,
            0.0,
            0.0,
            7241.404834924348
        ],
        [
            0.0,
            0.0,
            0.026908138097200798,
            -0.0
        ]
    ],
    "validPixROI1": [
        49,
        9,
        3759,
        2682
    ],
    "validPixROI2": [
        37,
        61,
        3740,
        2669
    ]
}