{
    "R_l": [
        [
            0.9997422625325314,
            -0.022702357024207302,
            -0.00010720018907022259
        ],
        [
            0.022701402432260646,
            0.9997266397236453,
            -0.00559393908416851
        ],
        [
            0.00023416648705738147,
            0.005590063721842889,
            0.9999843480543293
        ]
    ],
    "P_l": [
        [
            6989.177249816466,
            0.0,
            2002.7747802734375,
            0.0
        ],
        [
            0.0,
            6989.177249816466,
            1343.657455444336,
            0.0
        ],
        [
            0.0,
            0.0,
            1.0,
            0.0
        ]
    ],
    "R_r": [
        [
            0.9996971069805035,
            -0.02425103225957495,
            -0.004193057256553841
        ],
        [
            0.024274103848472433,
            0.9996899796334684,
            0.005541886212221969
        ],
        [
            0.004057360862094795,
            -0.00564199032086162,
            0.9999758525924785
        ]
    ],
    "P_r": [
        [
            6989.177249816466,
            0.0,
            2002.7747802734375,
            -267975.08331694576
        ],
        [
            0.0,
            6989.177249816466,
            1343.657455444336,
            0.0
        ],
        [
            0.0,
            0.0,
            1.0,
            0.0
        ]
    ],
    "Q": [
        [
            1.0,
            0.0,
            0.0,
            -2002.7747802734375
        ],
        [
            0.0,
            1.0,
            0.0,
            -1343.657455444336
        ],
        [
            0.0,
            0.0,
            0.0,
            6989.177249816466
        ],
        [
            0.0,
            0.0,
            0.026081444451124824,
            -0.0
        ]
    ],
    "validPixROI1": [
        162,
        80,
        3558,
        2503
    ],
    "validPixROI2": [
        134,
        166,
        3552,
        2496
    ]
}