{
    "R_l": [
        [
            0.9995307218379792,
            -0.029639164568270062,
            -0.007736667612291356
        ],
        [
            0.029664482173458004,
            0.9995548590215917,
            0.0031784121360373266
        ],
        [
            0.007639018224135037,
            -0.0034064248150987835,
            0.9999650202234828
        ]
    ],
    "P_l": [
        [
            7193.890056501897,
            0.0,
            2094.0655670166016,
            0.0
        ],
        [
            0.0,
            7193.890056501897,
            1317.8837585449219,
            0.0
        ],
        [
            0.0,
            0.0,
            1.0,
            0.0
        ]
    ],
    "R_r": [
        [
            0.9996909573859487,
            -0.02266033466158515,
            -0.010222472978215817
        ],
        [
            0.02262654858508372,
            0.9997381756645218,
            -0.0034087267565208607
        ],
        [
            0.01029703937509405,
            0.003176374033192119,
            0.999941939128522
        ]
    ],
    "P_r": [
        [
            7193.890056501897,
            0.0,
            2094.0655670166016,
            -284197.4360805114
        ],
        [
            0.0,
            7193.890056501897,
            1317.8837585449219,
            0.0
        ],
        [
            0.0,
            0.0,
            1.0,
            0.0
        ]
    ],
    "Q": [
        [
            1.0,
            0.0,
            0.0,
            -2094.0655670166016
        ],
        [
            0.0,
            1.0,
            0.0,
            -1317.8837585449219
        ],
        [
            0.0,
            0.0,
            0.0,
            7193.890056501897
        ],
        [
            0.0,
            0.0,
            0.025313001256154582,
            -0.0
        ]
    ],
    "validPixROI1": [
        168,
        156,
        3549,
        2487
    ],
    "validPixROI2": [
        131,
        89,
        3574,
        2517
    ]
}