{
    "R_l": [
        [
            0.9996907807333625,
            -0.022162340293718455,
            0.011277126824932794
        ],
        [
            0.02217204959853426,
            0.9997538984876141,
            -0.0007366650648128556
        ],
        [
            -0.011258025285116942,
            0.0009864742890731304,
            0.9999361398285175
        ]
    ],
    "P_l": [
        [
            16985.02371630893,
            0.0,
            1576.0419616699219,
            0.0
        ],
        [
            0.0,
            16985.02371630893,
            1361.3670806884766,
            0.0
        ],
        [
            0.0,
            0.0,
            1.0,
            0.0
        ]
    ],
    "R_r": [
        [
            0.9997432870491851,
            -0.01934782190593047,
            0.011790750085846876
        ],
        [
            0.01933765473272058,
            0.9998125339789834,
            0.0009757089537443345
        ],
        [
            -0.011807417563912554,
            -0.0007474530224197771,
            0.9999300106529709
        ]
    ],
    "P_r": [
        [
            16985.02371630893,
            0.0,
            1576.0419616699219,
            -502151.74030393834
        ],
        [
            0.0,
            16985.02371630893,
            1361.3670806884766,
            0.0
        ],
        [
            0.0,
            0.0,
            1.0,
            0.0
        ]
    ],
    "Q": [
        [
            1.0,
            0.0,
            0.0,
            -1576.0419616699219
        ],
        [
            0.0,
            1.0,
            0.0,
            -1361.3670806884766
        ],
        [
            0.0,
            0.0,
            0.0,
            16985.02371630893
        ],
        [
            0.0,
            0.0,
            0.033824484419845625,
            -0.0
        ]
    ],
    "validPixROI1": [
        85,
        78,
        3633,
        2560
    ],
    "validPixROI2": [
        91,
        101,
        3638,
        2569
    ]
}