{
    "R_l": [
        [
            0.9998216817487949,
            0.012074397714320407,
            -0.014519422331758458
        ],
        [
            -0.012059344167504569,
            0.9999266518486167,
            0.0011238954866246978
        ],
        [
            0.014531927720066127,
            -0.0009486003645349366,
            0.999893955994378
        ]
    ],
    "P_l": [
        [
            8194.976773641802,
            0.0,
            2205.4214935302734,
            0.0
        ],
        [
            0.0,
            8194.976773641802,
            1446.5355377197266,
            0.0
        ],
        [
            0.0,
            0.0,
            1.0,
            0.0
        ]
    ],
    "R_r": [
        [
            0.9997344224027414,
            0.01971413255507331,
            -0.011934724155094428
        ],
        [
            -0.019726490673862077,
            0.9998049918262034,
            -0.000918632189426884
        ],
        [
            0.011914286749580475,
            0.0011538184460378599,
            0.9999283566707379
        ]
    ],
    "P_r": [
        [
            8194.976773641802,
            0.0,
            2205.4214935302734,
            -315818.18469361204
        ],
        [
            0.0,
            8194.976773641802,
            1446.5355377197266,
            0.0
        ],
        [
            0.0,
            0.0,
            1.0,
            0.0
        ]
    ],
    "Q": [
        [
            1.0,
            0.0,
            0.0,
            -2205.4214935302734
        ],
        [
            0.0,
            1.0,
            0.0,
            -1446.5355377197266
        ],
        [
            0.0,
            0.0,
            0.0,
            8194.976773641802
        ],
        [
            0.0,
            0.0,
            0.025948400601415903,
            -0.0
        ]
    ],
    "validPixROI1": [
        97,
        107,
        3650,
        2589
    ],
    "validPixROI2": [
        127,
        66,
        3632,
        2564
    ]
}