{
    "R_l": [
        [
            0.9998531900952556,
            0.01084111049011231,
            -0.01326908360370182
        ],
        [
            -0.010824102204663684,
            0.9999405024045884,
            0.0013529457943484147
        ],
        [
            0.013282961559977767,
            -0.0012091212514165133,
            0.9999110465226372
        ]
    ],
    "P_l": [
        [
            7879.578303964992,
            0.0,
            2188.5646362304688,
            0.0
        ],
        [
            0.0,
            7879.578303964992,
            1432.5521087646484,
            0.0
        ],
        [
            0.0,
            0.0,
            1.0,
            0.0
        ]
    ],
    "R_r": [
        [
            0.9997607313687286,
            0.018525509362298194,
            -0.011631230198584183
        ],
        [
            -0.018540395592824034,
            0.9998274236338619,
            -0.0011733204745077695
        ],
        [
            0.011607486563707343,
            0.0013886873448367561,
            0.9999316665668367
        ]
    ],
    "P_r": [
        [
            7879.578303964992,
            0.0,
            2188.5646362304688,
            -304890.66795015725
        ],
        [
            0.0,
            7879.578303964992,
            1432.5521087646484,
            0.0
        ],
        [
            0.0,
            0.0,
            1.0,
            0.0
        ]
    ],
    "Q": [
        [
            1.0,
            0.0,
            0.0,
            -2188.5646362304688
        ],
        [
            0.0,
            1.0,
            0.0,
            -1432.5521087646484
        ],
        [
            0.0,
            0.0,
            0.0,
            7879.578303964992
        ],
        [
            0.0,
            0.0,
            0.025843947133380698,
            -0.0
        ]
    ],
    "validPixROI1": [
        94,
        100,
        3659,
        2598
    ],
    "validPixROI2": [
        117,
        62,
        3642,
        2573
    ]
}